{"ast":null,"code":"// const json_fragment = require(\"./testjson.json\")\nconst json_fragment = `\n  {\n    \"Do you have to stay in the hospital if you have COVID-19?\": {\n    \"corresponding_goal\": \"Deal with the Coronavirus Outbreak: Your Most Common Questions Answered\",\n    \"gold_goal\": \"\",\n    \"retrieved_goals\": [\n      \"Improve Your Hospital Stay and Recovery Experience\",\n      \"Go to the Hospital\",\n      \"Make Your Hospital Stay More Comfortable\",\n      \"Choose a Hospital for Surgery\",\n      \"Deal With Being in the Hospital\"\n    ],\n    \"retrieved_goals_similarity\": [\n      0.9033970236778259,\n      0.8866900205612183,\n      0.8747795820236206,\n      0.8512684106826782,\n      0.8426105976104736\n    ],\n    \"retrieved_description_similarity\": [\n      0.7238850593566895,\n      0.5645326375961304,\n      0.8370177149772644,\n      0.818230390548706,\n      0.7476769685745239\n    ],\n    \"weighted_sum_similarity\": [\n      0.9033970236778259,\n      0.8866900205612183,\n      0.8747795820236206,\n      0.8512684106826782,\n      0.8426105976104736\n    ],\n    \"retrieved_goal_rank\": -1\n  },\n  \"What medications are available for COVID-19?\": {\n    \"corresponding_goal\": \"Deal with the Coronavirus Outbreak: Your Most Common Questions Answered\",\n    \"gold_goal\": \"\",\n    \"retrieved_goals\": [\n      \"Take Over\\u2010the\\u2010Counter Medication\",\n      \"Choose Between Generic and Brand Name Medication\",\n      \"Identify Pills\",\n      \"Organize Your Medications\",\n      \"Keep Track of Medications\"\n    ],\n    \"retrieved_goals_similarity\": [\n      0.9370707869529724,\n      0.899950385093689,\n      0.8811526298522949,\n      0.8747710585594177,\n      0.8592540621757507\n    ],\n    \"retrieved_description_similarity\": [\n      0.34730076789855957,\n      0.5106987357139587,\n      0.5307062268257141,\n      0.4811416268348694,\n      0.5022227764129639\n    ],\n    \"weighted_sum_similarity\": [\n      0.9370707869529724,\n      0.899950385093689,\n      0.8811526298522949,\n      0.8747710585594177,\n      0.8592540621757507\n    ],\n    \"retrieved_goal_rank\": -1\n  },\n  \"Can pets get COVID-19?\": {\n    \"corresponding_goal\": \"Deal with the Coronavirus Outbreak: Your Most Common Questions Answered\",\n    \"gold_goal\": \"\",\n    \"retrieved_goals\": [\n      \"Know if a Puppy Is Old Enough to Neuter or Spay\",\n      \"Determine if Your Old Dog Can Handle a New Puppy\",\n      \"Choose a Healthy Puppy\",\n      \"Buy a Puppy\",\n      \"Buy a Siberian Husky Puppy\",\n      \"Choose a Puppy\",\n      \"Buy a Purebred Puppy\",\n      \"Get a Puppy to Stop Growling when You Pick Them Up\",\n      \"Choose a Hypoallergenic Dog\",\n      \"Pick Up a Puppy\"\n    ],\n    \"retrieved_goals_similarity\": [\n      0.8401311635971069,\n      0.8370600938796997,\n      0.8370038866996765,\n      0.834628164768219,\n      0.8339101672172546,\n      0.8336546421051025,\n      0.8325663208961487,\n      0.830950140953064,\n      0.8308265209197998,\n      0.8305392265319824\n    ],\n    \"retrieved_description_similarity\": [\n      0.6274477243423462,\n      0.6066634654998779,\n      0.5839357376098633,\n      0.549515426158905,\n      0.6094080209732056,\n      0.5720182061195374,\n      0.5601208806037903,\n      0.5811461806297302,\n      0.6391650438308716,\n      0.5508311986923218\n    ],\n    \"weighted_sum_similarity\": [\n      0.8401311635971069,\n      0.8370600938796997,\n      0.8370038866996765,\n      0.834628164768219,\n      0.8339101672172546,\n      0.8336546421051025,\n      0.8325663208961487,\n      0.830950140953064,\n      0.8308265209197998,\n      0.8305392265319824\n    ],\n    \"retrieved_goal_rank\": -1\n  },\n  \"Check for respiratory symptoms such as a cough.\": {\n    \"corresponding_goal\": \"ve coronavirus? | wikiHow teaches you how to to identify coronavirus symptoms\",\n    \"gold_goal\": \"\",\n    \"retrieved_goals\": [\n      \"Treat an Acute Cough\",\n      \"Treat a Persistent Cough\",\n      \"Get Rid of a Chesty Cough\",\n      \"Get Rid of a Deep Cough\",\n      \"Find Out if You Have a Sinus Infection\",\n      \"Stop Asthma Cough\",\n      \"Get Rid of Mucus Cough\",\n      \"Get Rid of a Wheezing Cough\",\n      \"Get Rid of a Dry Cough\"\n    ],\n    \"retrieved_goals_similarity\": [\n      0.8966965079307556,\n      0.8810378313064575,\n      0.8803935647010803,\n      0.8737039566040039,\n      0.8691157102584839,\n      0.8580641746520996,\n      0.8577394485473633,\n      0.8569140434265137,\n      0.8559984564781189\n    ],\n    \"retrieved_description_similarity\": [\n      0.6090418100357056,\n      0.5598238706588745,\n      0.574374794960022,\n      0.4179338216781616,\n      0.37394315004348755,\n      0.33548372983932495,\n      0.368100106716156,\n      0.6738707423210144,\n      0.5931470990180969\n    ],\n    \"weighted_sum_similarity\": [\n      0.8966965079307556,\n      0.8810378313064575,\n      0.8803935647010803,\n      0.8737039566040039,\n      0.8691157102584839,\n      0.8580641746520996,\n      0.8577394485473633,\n      0.8569140434265137,\n      0.8559984564781189\n    ],\n    \"retrieved_goal_rank\": -1\n  },\n  \"Take your temperature to see if you have a fever.\": {\n    \"corresponding_goal\": \"Diagnose Pleurisy\",\n    \"gold_goal\": \"\",\n    \"retrieved_goals\": [\n      \"Take a Temperature\",\n      \"Take a Dog's Temperature Without Using a Thermometer\"\n    ],\n    \"retrieved_goals_similarity\": [\n      0.9325733184814453,\n      0.8985543251037598\n    ],\n    \"retrieved_description_similarity\": [\n      0.5201722979545593,\n      0.7242395877838135\n    ],\n    \"weighted_sum_similarity\": [\n      0.9325733184814453,\n      0.8985543251037598\n    ],\n    \"retrieved_goal_rank\": -1\n  },\n  \"Get medical care if you have breathing problems or shortness of breath.\": {\n    \"corresponding_goal\": \"ve coronavirus? | wikiHow teaches you how to to identify coronavirus symptoms\",\n    \"gold_goal\": \"\",\n    \"retrieved_goals\": [\n      \"Get Trauma Informed Health Care\",\n      \"Call an Ambulance\",\n      \"Handle a Psychiatric Emergency\",\n      \"Get the Best Healthcare when in the Hospital\",\n      \"Do Basic First Aid\",\n      \"Apply First Aid without Bandages\"\n    ],\n    \"retrieved_goals_similarity\": [\n      0.8661431670188904,\n      0.8639277815818787,\n      0.8629018068313599,\n      0.8440514802932739,\n      0.8367293477058411,\n      0.815642237663269\n    ],\n    \"retrieved_description_similarity\": [\n      0.5800424814224243,\n      0.5405556559562683,\n      0.5700043439865112,\n      0.4766830503940582,\n      0.5533315539360046,\n      0.6013767719268799\n    ],\n    \"weighted_sum_similarity\": [\n      0.8661431670188904,\n      0.8639277815818787,\n      0.8629018068313599,\n      0.8440514802932739,\n      0.8367293477058411,\n      0.815642237663269\n    ],\n    \"retrieved_goal_rank\": -1\n  }\n  }\n`;\nconst parsed = JSON.parse(json_fragment);\n\nconst capitalize = s => {\n  if (typeof s !== 'string') return '';\n  s = s.toLowerCase();\n  return s.charAt(0).toUpperCase() + s.slice(1) + \".\";\n};\n\nlet graph = [];\n\nfor (const [index, [key, value]] of Object.entries(Object.entries(parsed))) {\n  parsed[key] = {\n    goal: key,\n    ...parsed[key],\n    index: index\n  };\n  graph[index] = parsed[key];\n}\n\nfor (let i = 0; i < graph.length; i++) {\n  graph[i] = { ...graph[i],\n    children: []\n  };\n\n  for (let j = 0; j < graph[i].retrieved_goals.length; j++) {\n    let child = graph[i].retrieved_goals[j];\n    child = capitalize(child);\n    let from_parsed = parsed[child];\n\n    if (typeof from_parsed !== \"undefined\") {\n      graph[i].children.push(parsed[child].index);\n    } else {\n      graph[i].children.push(child);\n    }\n  }\n} // for (let i = 0; i < graph.length; i++) {\n//   console.log(graph[i])\n// }\n\n\nexport const 